20372419.626819104,6475577.4163861936,60740013,130,80,09-15-16,"14:54:12,00",58.378843310000001,114.819973500000000,1257.540000000000000,2016-09-15T08:54:12Z,60740.012999999999000
20372416.160313427,6475575.4176316494,60741117,109,80,09-15-16,"14:54:13,00",58.378824369999997,114.819915400000000,1257.059999999999900,2016-09-15T08:54:13Z,60741.116999999998000
20372411.705943793,6475571.8435894232,60742291,94,80,09-15-16,"14:54:14,00",58.378791010000000,114.819841299999990,1257.059999999999900,2016-09-15T08:54:14Z,60742.290999999997000
20372407.774925072,6475567.6172359269,60743777,119,80,09-15-16,"14:54:15,00",58.378751950000002,114.819776500000000,1257.059999999999900,2016-09-15T08:54:15Z,60743.777000000002000
20372404.038317218,6475562.5251911515,60745590,102,80,09-15-16,"14:54:16,00",58.378705179999997,114.819715500000000,1257.059999999999900,2016-09-15T08:54:16Z,60745.589999999997000
20372399.973121163,6475554.8834635904,60747108,106,80,09-15-16,"14:54:17,00",58.378635439999996,114.819650300000010,1257.059999999999900,2016-09-15T08:54:17Z,60747.108000000000000
20372398.366866771,6475550.4881106401,60748261,109,80,09-15-16,"14:54:18,00",58.378595539999999,114.819625300000000,1256.579999999999900,2016-09-15T08:54:18Z,60748.260999999999000
20372396.408668589,6475544.0866620112,60749683,136,84,09-15-16,"14:54:19,00",58.378537540000004,114.819595400000000,1256.579999999999900,2016-09-15T08:54:19Z,60749.682999999997000
20372394.521552972,6475537.1690578107,60750922,117,80,09-15-16,"14:54:20,00",58.378474930000003,114.819567000000010,1256.579999999999900,2016-09-15T08:54:20Z,60750.921999999999000
20372392.35032782,6475528.5318519184,60751429,116,80,09-15-16,"14:54:21,00",58.378396809999998,114.819534700000010,1256.579999999999900,2016-09-15T08:54:21Z,60751.428999999996000
20372391.235648379,6475524.1294787908,60752361,124,80,09-15-16,"14:54:22,00",58.378356990000000,114.819518100000000,1256.099999999999900,2016-09-15T08:54:22Z,60752.360999999997000
20372389.476181801,6475517.8988173725,60753028,112,80,09-15-16,"14:54:23,00",58.378300580000001,114.819491500000000,1255.619999999999900,2016-09-15T08:54:23Z,60753.027999999998000
20372387.752924271,6475512.4238265846,60753642,116,80,09-15-16,"14:54:24,00",58.378250960000003,114.819465100000000,1255.619999999999900,2016-09-15T08:54:24Z,60753.642000000000000
20372386.267951034,6475507.4360120604,60754060,131,80,09-15-16,"14:54:25,00",58.378205780000002,114.819442499999990,1255.140000000000100,2016-09-15T08:54:25Z,60754.059999999998000
20372384.228735305,6475501.0650614295,60754371,102,80,09-15-16,"14:54:26,00",58.378148029999998,114.819411200000000,1254.660000000000100,2016-09-15T08:54:26Z,60754.370999999999000
20372383.125092696,6475497.9062763508,60754753,125,80,09-15-16,"14:54:27,00",58.378119370000000,114.819394100000000,1254.180000000000100,2016-09-15T08:54:27Z,60754.752999999997000
20372381.58021516,6475493.7797973249,60754884,114,80,09-15-16,"14:54:28,00",58.378081899999998,114.819370000000010,1254.180000000000100,2016-09-15T08:54:28Z,60754.883999999998000
20372380.041075889,6475489.8303613225,60754675,120,80,09-15-16,"14:54:29,00",58.378046019999999,114.819345900000000,1253.700000000000000,2016-09-15T08:54:29Z,60754.675000000003000
20372378.425248783,6475486.0439216318,60754541,124,80,09-15-16,"14:54:30,00",58.378011579999999,114.819320400000000,1253.220000000000000,2016-09-15T08:54:30Z,60754.540999999997000
20372376.671824627,6475482.167199784,60754187,113,80,09-15-16,"14:54:31,00",58.377976289999999,114.819292600000000,1253.220000000000000,2016-09-15T08:54:31Z,60754.186999999998000
20372374.742208436,6475478.454472064,60753626,110,80,09-15-16,"14:54:32,00",58.377942419999997,114.819261700000000,1252.740000000000000,2016-09-15T08:54:32Z,60753.625999999997000
20372372.674166482,6475475.1675702753,60753109,114,80,09-15-16,"14:54:33,00",58.377912330000001,114.819228200000000,1252.740000000000000,2016-09-15T08:54:33Z,60753.108999999997000
20372370.094049837,6475471.6175003266,60753003,116,80,09-15-16,"14:54:34,00",58.377879729999997,114.819186100000000,1252.250000000000000,2016-09-15T08:54:34Z,60753.002999999997000
20372367.566750783,6475468.251864736,60752915,119,80,09-15-16,"14:54:35,00",58.377848800000002,114.819144800000000,1252.250000000000000,2016-09-15T08:54:35Z,60752.915000000001000
20372364.892210562,6475464.4986506915,60753202,101,80,09-15-16,"14:54:36,00",58.377814350000001,114.819101200000010,1251.770000000000000,2016-09-15T08:54:36Z,60753.201999999997000
20372362.516575426,6475460.7546929866,60753892,111,80,09-15-16,"14:54:37,00",58.377780070000000,114.819062700000000,1251.290000000000000,2016-09-15T08:54:37Z,60753.892000000000000
20372360.252350677,6475456.4743225938,60754267,109,80,09-15-16,"14:54:38,00",58.377741010000001,114.819026400000000,1250.809999999999900,2016-09-15T08:54:38Z,60754.267000000000000
20372358.321800672,6475452.1920482423,60754805,122,80,09-15-16,"14:54:39,00",58.377702030000002,114.818995800000000,1250.329999999999900,2016-09-15T08:54:39Z,60754.805000000000000
20372356.447423544,6475447.6560428813,60756044,117,80,09-15-16,"14:54:40,00",58.377660790000000,114.818966300000000,1250.329999999999900,2016-09-15T08:54:40Z,60756.044000000002000
20372354.707066376,6475443.46123154,60756469,115,80,09-15-16,"14:54:41,00",58.377622649999999,114.818938900000010,1249.849999999999900,2016-09-15T08:54:41Z,60756.468999999997000
20372352.759678639,6475439.021225906,60756994,124,80,09-15-16,"14:54:42,00",58.377582250000003,114.818908100000000,1249.369999999999900,2016-09-15T08:54:42Z,60756.993999999999000
20372350.807270307,6475434.7875933507,60757850,107,80,09-15-16,"14:54:43,00",58.377543699999997,114.818877099999990,1248.890000000000100,2016-09-15T08:54:43Z,60757.849999999999000
20372348.804494374,6475430.8063905817,60758542,114,80,09-15-16,"14:54:44,00",58.377507399999999,114.818845100000000,1248.890000000000100,2016-09-15T08:54:44Z,60758.542000000001000
20372346.634437595,6475426.5419213967,60758767,117,80,09-15-16,"14:54:45,00",58.377468510000000,114.818810400000000,1248.410000000000100,2016-09-15T08:54:45Z,60758.767000000000000
20372344.588503648,6475422.1329817474,60758410,107,80,09-15-16,"14:54:46,00",58.377428360000003,114.818777900000000,1247.930000000000100,2016-09-15T08:54:46Z,60758.410000000003000
20372342.7443593,6475417.9883564347,60757817,116,80,09-15-16,"14:54:47,00",58.377390640000002,114.818748700000000,1247.450000000000000,2016-09-15T08:54:47Z,60757.817000000003000
20372340.802796487,6475413.5481668031,60756880,124,80,09-15-16,"14:54:48,00",58.377350239999998,114.818718000000000,1247.450000000000000,2016-09-15T08:54:48Z,60756.879999999997000
20372338.884844661,6475409.2944725547,60755561,123,80,09-15-16,"14:54:49,00",58.377311519999999,114.818687600000000,1246.970000000000000,2016-09-15T08:54:49Z,60755.561000000002000
20372336.898068644,6475404.7242229534,60754097,119,80,09-15-16,"14:54:50,00",58.377269939999998,114.818656200000010,1246.490000000000000,2016-09-15T08:54:50Z,60754.097000000002000
20372335.010038037,6475400.3101653466,60752652,121,80,09-15-16,"14:54:51,00",58.377229790000001,114.818626400000000,1246.490000000000000,2016-09-15T08:54:51Z,60752.652000000002000
20372333.156413935,6475396.0543867117,60750988,121,80,09-15-16,"14:54:52,00",58.377191070000002,114.818597100000010,1246.010000000000000,2016-09-15T08:54:52Z,60750.987999999998000
20372331.246891368,6475391.5195313944,60749290,103,80,09-15-16,"14:54:53,00",58.377149830000000,114.818567000000000,1246.010000000000000,2016-09-15T08:54:53Z,60749.290000000001000
20372329.418970268,6475387.5148303667,60748008,122,80,09-15-16,"14:54:54,00",58.377113369999996,114.818538000000000,1245.530000000000000,2016-09-15T08:54:54Z,60748.008000000002000
20372327.327435475,6475383.1452754764,60746938,113,80,09-15-16,"14:54:55,00",58.377073559999999,114.818504700000010,1245.040000000000000,2016-09-15T08:54:55Z,60746.938000000002000
20372325.320895262,6475379.2299689949,60746154,116,80,09-15-16,"14:54:56,00",58.377037850000001,114.818472600000010,1244.559999999999900,2016-09-15T08:54:56Z,60746.154000000002000
20372323.074425429,6475374.9579578741,60745345,112,80,09-15-16,"14:54:57,00",58.376998870000001,114.818436600000000,1244.079999999999900,2016-09-15T08:54:57Z,60745.345000000001000
20372321.06325648,6475371.0807013689,60745271,110,80,09-15-16,"14:54:58,00",58.376963500000002,114.818404400000010,1244.079999999999900,2016-09-15T08:54:58Z,60745.271000000001000
20372318.843314089,6475366.7242332622,60745583,108,80,09-15-16,"14:54:59,00",58.376923769999998,114.818368900000000,1243.599999999999900,2016-09-15T08:54:59Z,60745.582999999999000
20372316.90676355,6475362.62051393,60745821,106,80,09-15-16,"14:55:00,00",58.376886390000003,114.818338100000010,1243.119999999999900,2016-09-15T08:55:00Z,60745.821000000004000
20372314.821955752,6475358.2786125634,60746291,126,80,09-15-16,"14:55:01,00",58.376846829999998,114.818304900000000,1242.640000000000100,2016-09-15T08:55:01Z,60746.290999999997000
20372312.936196994,6475354.1164000714,60747212,127,80,09-15-16,"14:55:02,00",58.376808939999997,114.818275000000000,1242.160000000000100,2016-09-15T08:55:02Z,60747.212000000000000
20372310.95576176,6475349.7432480268,60747929,115,80,09-15-16,"14:55:03,00",58.376769130000000,114.818243600000000,1241.680000000000100,2016-09-15T08:55:03Z,60747.928999999996000
20372309.00222655,6475345.657917358,60748692,113,80,09-15-16,"14:55:04,00",58.376731909999997,114.818212500000000,1241.200000000000000,2016-09-15T08:55:04Z,60748.692000000003000
20372307.073926531,6475341.6286156857,60749567,117,80,09-15-16,"14:55:05,00",58.376695200000000,114.818181800000000,1240.720000000000000,2016-09-15T08:55:05Z,60749.567000000003000
20372304.968805302,6475337.2026646892,60750111,115,80,09-15-16,"14:55:06,00",58.376654879999997,114.818148300000000,1240.240000000000000,2016-09-15T08:55:06Z,60750.110999999997000
20372302.942138992,6475332.8488503629,60750404,120,80,09-15-16,"14:55:07,00",58.376615229999999,114.818116100000000,1239.760000000000000,2016-09-15T08:55:07Z,60750.404000000002000
20372301.086831428,6475328.7235525716,60750435,100,80,09-15-16,"14:55:08,00",58.376577679999997,114.818086699999990,1239.280000000000000,2016-09-15T08:55:08Z,60750.434999999998000
20372299.239107348,6475324.8320851158,60750137,113,80,09-15-16,"14:55:09,00",58.376542229999998,114.818057300000010,1238.800000000000000,2016-09-15T08:55:09Z,60750.137000000002000
20372297.151123483,6475320.5738931354,60749800,111,80,09-15-16,"14:55:10,00",58.376503419999999,114.818023999999990,1238.319999999999900,2016-09-15T08:55:10Z,60749.800000000003000
20372295.264832713,6475316.7572452873,60749147,96,80,09-15-16,"14:55:11,00",58.376468629999998,114.817993900000000,1237.829999999999900,2016-09-15T08:55:11Z,60749.146999999997000
20372293.036497056,6475312.5047239373,60748500,110,80,09-15-16,"14:55:12,00",58.376429829999999,114.817958200000010,1237.349999999999900,2016-09-15T08:55:12Z,60748.500000000000000
20372291.041878898,6475308.5979625937,60748586,104,80,09-15-16,"14:55:13,00",58.376394200000000,114.817926300000000,1236.869999999999900,2016-09-15T08:55:13Z,60748.586000000003000
20372288.744930185,6475304.2161414921,60748813,106,80,09-15-16,"14:55:14,00",58.376354220000003,114.817889500000010,1236.390000000000100,2016-09-15T08:55:14Z,60748.813000000002000
20372286.39190571,6475299.9108224884,60749630,131,80,09-15-16,"14:55:15,00",58.376314909999998,114.817851700000010,1235.910000000000100,2016-09-15T08:55:15Z,60749.629999999997000
20372283.987241086,6475295.4578178516,60749567,164,84,09-15-16,"14:55:16,00",58.376274260000002,114.817813100000000,1234.950000000000000,2016-09-15T08:55:16Z,60749.567000000003000
20372281.696650576,6475291.8136897264,60749976,125,80,09-15-16,"14:55:17,00",58.376240899999999,114.817775999999990,1234.470000000000000,2016-09-15T08:55:17Z,60749.976000000002000
20372278.236125819,6475288.9264760464,60750007,101,80,09-15-16,"14:55:18,00",58.376213989999997,114.817718500000000,1233.990000000000000,2016-09-15T08:55:18Z,60750.006999999998000
20372189.107010078,6475330.4346300112,60754570,98,80,09-15-16,"14:55:40,00",58.376560419999997,114.816173300000000,1235.430000000000100,2016-09-15T08:55:40Z,60754.570000000000000
20372190.097668752,6475334.6158257434,60754068,97,80,09-15-16,"14:55:41,00",58.376598219999998,114.816187900000000,1235.430000000000100,2016-09-15T08:55:41Z,60754.067999999999000
20372192.392265845,6475338.3812700445,60754582,102,80,09-15-16,"14:55:42,00",58.376632669999999,114.816225000000000,1235.430000000000100,2016-09-15T08:55:42Z,60754.582000000002000
20372195.21302855,6475341.4006495625,60756336,101,80,09-15-16,"14:55:43,00",58.376660579999999,114.816271500000000,1235.430000000000100,2016-09-15T08:55:43Z,60756.336000000003000
20372197.956304561,6475343.6567844087,60755832,105,80,09-15-16,"14:55:44,00",58.376681619999999,114.816317100000010,1235.430000000000100,2016-09-15T08:55:44Z,60755.832000000002000
20372200.091533586,6475345.3998643355,60755692,92,80,09-15-16,"14:55:45,00",58.376697880000002,114.816352600000000,1235.430000000000100,2016-09-15T08:55:45Z,60755.692000000003000
20372202.058365747,6475347.1863115234,60756512,113,80,09-15-16,"14:55:46,00",58.376714479999997,114.816385200000000,1235.910000000000100,2016-09-15T08:55:46Z,60756.512000000002000
20372203.081005894,6475348.3859044407,60758305,103,80,09-15-16,"14:55:47,00",58.376725540000002,114.816402000000000,1235.910000000000100,2016-09-15T08:55:47Z,60758.305000000000000
20372203.731170919,6475350.1961580291,60756998,116,80,09-15-16,"14:55:48,00",58.376741969999998,114.816412099999990,1236.390000000000100,2016-09-15T08:55:48Z,60756.998000000000000
20372203.746744234,6475352.8395957397,60757718,96,80,09-15-16,"14:55:49,00",58.376765689999999,114.816410899999990,1236.869999999999900,2016-09-15T08:55:49Z,60757.718000000001000
20372203.662253529,6475356.7291144561,60757813,100,80,09-15-16,"14:55:50,00",58.376800560000000,114.816407299999990,1237.829999999999900,2016-09-15T08:55:50Z,60757.813000000002000
20372203.900316518,6475361.8966916483,60754174,102,80,09-15-16,"14:55:51,00",58.376846989999997,114.816408499999990,1238.319999999999900,2016-09-15T08:55:51Z,60754.173999999999000
20372205.025343217,6475366.9708182439,60752845,109,80,09-15-16,"14:55:52,00",58.376892839999996,114.816424900000000,1239.280000000000000,2016-09-15T08:55:52Z,60752.845000000001000
20372207.739946909,6475372.8527229782,60752594,111,80,09-15-16,"14:55:53,00",58.376946400000001,114.816468000000000,1239.760000000000000,2016-09-15T08:55:53Z,60752.593999999997000
20372210.192757573,6475376.6230706479,60749943,93,80,09-15-16,"14:55:54,00",58.376980940000003,114.816507800000000,1240.240000000000000,2016-09-15T08:55:54Z,60749.942999999999000
20372213.351970747,6475380.5098139867,60747716,99,80,09-15-16,"14:55:55,00",58.377016730000001,114.816559600000010,1240.720000000000000,2016-09-15T08:55:55Z,60747.716000000000000
20372216.162284747,6475383.3891003812,60747903,101,80,09-15-16,"14:55:56,00",58.377043380000003,114.816605999999990,1241.680000000000100,2016-09-15T08:55:56Z,60747.902999999998000
20372218.66169095,6475386.2506170273,60747020,106,80,09-15-16,"14:55:57,00",58.377069779999999,114.816647100000000,1242.160000000000100,2016-09-15T08:55:57Z,60747.019999999997000
20372220.415263463,6475389.0438348912,60745006,95,80,09-15-16,"14:55:58,00",58.377095349999998,114.816675500000000,1243.119999999999900,2016-09-15T08:55:58Z,60745.006000000001000
20372221.576135162,6475391.9766788064,60745263,111,80,09-15-16,"14:55:59,00",58.377122000000000,114.816693700000000,1243.599999999999900,2016-09-15T08:55:59Z,60745.262999999999000
20372222.523093998,6475396.0757012079,60745527,117,80,09-15-16,"14:56:00,00",58.377159050000003,114.816707600000000,1244.559999999999900,2016-09-15T08:56:00Z,60745.527000000002000
20372222.939450644,6475399.3414751664,60744003,105,80,09-15-16,"14:56:01,00",58.377188470000000,114.816712900000000,1245.040000000000000,2016-09-15T08:56:01Z,60744.002999999997000
20372223.504724015,6475403.9477933701,60745126,125,80,09-15-16,"14:56:02,00",58.377229960000001,114.816720000000000,1245.530000000000000,2016-09-15T08:56:02Z,60745.125999999997000
20372224.321526837,6475409.0876637334,60747007,103,80,09-15-16,"14:56:03,00",58.377276309999999,114.816731100000000,1246.010000000000000,2016-09-15T08:56:03Z,60747.006999999998000
20372225.685258143,6475414.4817511085,60748027,103,80,09-15-16,"14:56:04,00",58.377325100000000,114.816751400000000,1246.010000000000000,2016-09-15T08:56:04Z,60748.027000000002000
20372228.142244723,6475420.7264893521,60749912,105,80,09-15-16,"14:56:05,00",58.377381839999998,114.816789900000000,1246.490000000000000,2016-09-15T08:56:05Z,60749.911999999997000
20372230.307302002,6475424.8327815393,60751878,94,80,09-15-16,"14:56:06,00",58.377419310000001,114.816824600000000,1246.970000000000000,2016-09-15T08:56:06Z,60751.877999999997000
20372233.217208516,6475429.1578862239,60753344,104,80,09-15-16,"14:56:07,00",58.377458959999998,114.816871900000000,1246.970000000000000,2016-09-15T08:56:07Z,60753.343999999997000
20372236.20932816,6475432.7691789949,60754517,102,80,09-15-16,"14:56:08,00",58.377492230000001,114.816920999999990,1247.450000000000000,2016-09-15T08:56:08Z,60754.517000000000000
20372238.892553277,6475436.0639100606,60755756,104,80,09-15-16,"14:56:09,00",58.377522569999996,114.816965000000000,1247.450000000000000,2016-09-15T08:56:09Z,60755.756000000001000
20372241.011952106,6475439.1250360617,60757423,109,80,09-15-16,"14:56:10,00",58.377550650000003,114.816999499999990,1247.930000000000100,2016-09-15T08:56:10Z,60757.423000000003000
20372242.883223783,6475442.8395985467,60757987,110,80,09-15-16,"14:56:11,00",58.377584519999999,114.817029400000000,1247.930000000000100,2016-09-15T08:56:11Z,60757.987000000001000
20372243.936260808,6475445.8784960043,60758570,104,80,09-15-16,"14:56:12,00",58.377612090000000,114.817045699999990,1247.930000000000100,2016-09-15T08:56:12Z,60758.570000000000000
20372245.248244889,6475450.0403543804,60758040,108,80,09-15-16,"14:56:13,00",58.377649810000001,114.817065799999990,1247.930000000000100,2016-09-15T08:56:13Z,60758.040000000001000
20372246.871535517,6475454.593380427,60757740,104,80,09-15-16,"14:56:14,00",58.377691130000002,114.817091000000000,1248.410000000000100,2016-09-15T08:56:14Z,60757.739999999998000
20372248.933717169,6475459.319420686,60756613,90,80,09-15-16,"14:56:15,00",58.377734130000000,114.817123600000000,1248.410000000000100,2016-09-15T08:56:15Z,60756.612999999998000
20372251.190752637,6475464.0959837195,60755204,93,80,09-15-16,"14:56:16,00",58.377777639999998,114.817159500000000,1248.410000000000100,2016-09-15T08:56:16Z,60755.203999999998000
20372254.116472345,6475469.81166784,60754025,96,80,09-15-16,"14:56:17,00",58.377829769999998,114.817206300000000,1248.890000000000100,2016-09-15T08:56:17Z,60754.025000000001000
20372256.098300278,6475473.3253544252,60753456,101,80,09-15-16,"14:56:18,00",58.377861869999997,114.817238200000010,1248.890000000000100,2016-09-15T08:56:18Z,60753.455999999998000
20372258.530052602,6475477.7128112605,60751819,99,80,09-15-16,"14:56:19,00",58.377901940000001,114.817277300000000,1248.890000000000100,2016-09-15T08:56:19Z,60751.819000000003000
20372260.701086491,6475482.0050697755,60751023,108,80,09-15-16,"14:56:20,00",58.377941079999999,114.817312000000000,1249.369999999999900,2016-09-15T08:56:20Z,60751.023000000001000
20372262.696359642,6475486.294116999,60749746,107,80,09-15-16,"14:56:21,00",58.377980139999998,114.817343700000000,1249.369999999999900,2016-09-15T08:56:21Z,60749.745999999999000
20372264.49619364,6475490.5148272393,60749090,107,80,09-15-16,"14:56:22,00",58.378018529999999,114.817372100000000,1249.849999999999900,2016-09-15T08:56:22Z,60749.089999999997000
20372266.761157449,6475495.8975083334,60748374,99,80,09-15-16,"14:56:23,00",58.378067479999999,114.817407800000000,1250.809999999999900,2016-09-15T08:56:23Z,60748.374000000003000
20372268.329312097,6475499.2942131963,60748451,112,80,09-15-16,"14:56:24,00",58.378098410000000,114.817432700000000,1250.809999999999900,2016-09-15T08:56:24Z,60748.451000000001000
20372270.692759845,6475503.5623968719,60749058,111,80,09-15-16,"14:56:25,00",58.378137389999999,114.817470700000000,1251.290000000000000,2016-09-15T08:56:25Z,60749.057999999997000
20372272.903584372,6475507.6382427998,60748167,105,80,09-15-16,"14:56:26,00",58.378174600000001,114.817506200000000,1251.770000000000000,2016-09-15T08:56:26Z,60748.167000000001000
20372275.022990998,6475511.7839355934,60748086,106,80,09-15-16,"14:56:27,00",58.378212410000003,114.817540100000000,1252.740000000000000,2016-09-15T08:56:27Z,60748.086000000003000
20372277.074369937,6475515.8181432197,60748338,104,80,09-15-16,"14:56:28,00",58.378249199999999,114.817572900000000,1253.220000000000000,2016-09-15T08:56:28Z,60748.338000000003000
20372279.261549469,6475520.42867536,60747157,108,80,09-15-16,"14:56:29,00",58.378291200000000,114.817607700000000,1253.700000000000000,2016-09-15T08:56:29Z,60747.156999999999000
20372280.877157126,6475523.6644499153,60746783,98,80,09-15-16,"14:56:30,00",58.378320700000003,114.817633500000000,1254.180000000000100,2016-09-15T08:56:30Z,60746.783000000003000
20372282.676549416,6475527.5117748147,60746658,102,80,09-15-16,"14:56:31,00",58.378355740000003,114.817662100000010,1254.660000000000100,2016-09-15T08:56:31Z,60746.658000000003000
20372284.217360925,6475531.32959418,60746005,114,80,09-15-16,"14:56:32,00",58.378390439999997,114.817686300000010,1255.140000000000100,2016-09-15T08:56:32Z,60746.004999999997000
20372285.342510179,6475535.3292151252,60744192,107,80,09-15-16,"14:56:33,00",58.378426650000002,114.817703300000010,1255.140000000000100,2016-09-15T08:56:33Z,60744.192000000003000
20372286.203742623,6475539.4956809636,60743362,106,80,09-15-16,"14:56:34,00",58.378464280000003,114.817715699999990,1255.619999999999900,2016-09-15T08:56:34Z,60743.362000000001000
20372287.537891105,6475544.7034846144,60743315,94,80,09-15-16,"14:56:35,00",58.378511390000000,114.817735600000010,1255.619999999999900,2016-09-15T08:56:35Z,60743.315000000002000
20372288.813363854,6475548.4641521582,60740918,110,80,09-15-16,"14:56:36,00",58.378545500000001,114.817755300000000,1256.099999999999900,2016-09-15T08:56:36Z,60740.917999999998000
20372290.766561963,6475553.0822827658,60739565,120,80,09-15-16,"14:56:37,00",58.378587500000002,114.817786100000010,1256.579999999999900,2016-09-15T08:56:37Z,60739.565000000002000
20372293.197189424,6475557.6180421915,60738989,101,80,09-15-16,"14:56:38,00",58.378628900000002,114.817825099999990,1257.059999999999900,2016-09-15T08:56:38Z,60738.989000000001000
20372295.931970805,6475561.6033293493,60738185,100,80,09-15-16,"14:56:39,00",58.378665450000000,114.817869599999990,1258.020000000000000,2016-09-15T08:56:39Z,60738.184999999998000
20372298.688692138,6475565.3627476394,60737552,98,80,09-15-16,"14:56:40,00",58.378699980000000,114.817914599999990,1258.500000000000000,2016-09-15T08:56:40Z,60737.552000000003000
20372301.346999798,6475569.5177166658,60736237,107,80,09-15-16,"14:56:41,00",58.378738030000001,114.817957699999990,1258.980000000000000,2016-09-15T08:56:41Z,60736.237000000001000
20372303.026827343,6475572.3880402297,60736077,108,80,09-15-16,"14:56:42,00",58.378764269999998,114.817984800000000,1259.940000000000100,2016-09-15T08:56:42Z,60736.076999999997000
20372304.99686858,6475575.9021302667,60735336,104,80,09-15-16,"14:56:43,00",58.378796370000003,114.818016500000000,1260.430000000000100,2016-09-15T08:56:43Z,60735.336000000003000
20372307.038320143,6475579.4518020144,60734869,96,80,09-15-16,"14:56:44,00",58.378828810000002,114.818049400000010,1261.390000000000100,2016-09-15T08:56:44Z,60734.868999999999000
20372309.020052206,6475582.9655144447,60734516,114,80,09-15-16,"14:56:45,00",58.378860910000000,114.818081300000000,1262.349999999999900,2016-09-15T08:56:45Z,60734.516000000003000
20372310.815166801,6475586.6825753357,60733094,113,80,09-15-16,"14:56:46,00",58.378894780000003,114.818109900000000,1263.309999999999900,2016-09-15T08:56:46Z,60733.093999999997000
20372312.49348795,6475590.5895724241,60732212,105,80,09-15-16,"14:56:47,00",58.378930320000002,114.818136400000000,1264.270000000000000,2016-09-15T08:56:47Z,60732.212000000000000
20372314.507119235,6475595.4476303784,60732174,115,80,09-15-16,"14:56:48,00",58.378974489999997,114.818168099999990,1265.230000000000000,2016-09-15T08:56:48Z,60732.173999999999000
20372315.859698858,6475598.8792119194,60731164,98,80,09-15-16,"14:56:49,00",58.379005669999998,114.818189300000000,1265.710000000000000,2016-09-15T08:56:49Z,60731.163999999997000
20372317.446746983,6475603.0410822621,60730725,94,80,09-15-16,"14:56:50,00",58.379043469999999,114.818214100000010,1266.670000000000100,2016-09-15T08:56:50Z,60730.724999999999000
20372319.167525608,6475607.5352374185,60729547,111,80,09-15-16,"14:56:51,00",58.379084290000002,114.818241000000000,1267.160000000000100,2016-09-15T08:56:51Z,60729.546999999999000
20372320.907862391,6475611.7300334089,60728959,126,80,09-15-16,"14:56:52,00",58.379122430000002,114.818268399999990,1267.640000000000100,2016-09-15T08:56:52Z,60728.959000000003000
20372235.756551884,6475659.5822756998,60720482,104,80,09-15-16,"14:57:14,00",58.379526939999998,114.816787500000000,1260.910000000000100,2016-09-15T08:57:14Z,60720.482000000004000
20372233.105050404,6475657.08015119,60719710,133,80,09-15-16,"14:57:15,00",58.379503720000002,114.816743600000000,1260.910000000000100,2016-09-15T08:57:15Z,60719.709999999999000
20372230.533759683,6475653.6224003574,60720130,125,80,09-15-16,"14:57:16,00",58.379471950000003,114.816701600000000,1260.910000000000100,2016-09-15T08:57:16Z,60720.129999999997000
20372227.904029366,6475648.9058820615,60720809,92,80,09-15-16,"14:57:17,00",58.379428869999998,114.816659300000000,1260.910000000000100,2016-09-15T08:57:17Z,60720.809000000001000
20372226.163340583,6475645.2439361643,60721135,117,80,09-15-16,"14:57:18,00",58.379395510000002,114.816631599999990,1260.910000000000100,2016-09-15T08:57:18Z,60721.135000000002000
20372224.109807458,6475640.6023417804,60722270,123,80,09-15-16,"14:57:19,00",58.379353270000003,114.816599100000000,1260.430000000000100,2016-09-15T08:57:19Z,60722.269999999997000
20372221.891341373,6475635.7498620534,60722832,90,80,09-15-16,"14:57:20,00",58.379309090000000,114.816563900000010,1260.430000000000100,2016-09-15T08:57:20Z,60722.832000000002000
20372219.690967105,6475631.0940885544,60723797,107,80,09-15-16,"14:57:21,00",58.379266680000001,114.816528899999990,1260.430000000000100,2016-09-15T08:57:21Z,60723.796999999999000
20372217.260104399,6475625.6510565439,60725328,119,80,09-15-16,"14:57:22,00",58.379217140000002,114.816490400000010,1259.940000000000100,2016-09-15T08:57:22Z,60725.328000000001000
20372215.260445748,6475621.5873334398,60726373,107,80,09-15-16,"14:57:23,00",58.379180099999999,114.816458500000000,1259.460000000000000,2016-09-15T08:57:23Z,60726.373000000000000
20372212.988642987,6475616.8959844783,60727828,114,80,09-15-16,"14:57:24,00",58.379137350000001,114.816422300000000,1258.980000000000000,2016-09-15T08:57:24Z,60727.828000000001000
20372210.99689556,6475612.3549370831,60729132,122,80,09-15-16,"14:57:25,00",58.379096029999999,114.816390799999990,1258.500000000000000,2016-09-15T08:57:25Z,60729.131999999998000
20372209.244417045,6475608.1505468683,60730235,118,80,09-15-16,"14:57:26,00",58.379057799999998,114.816363200000000,1257.540000000000000,2016-09-15T08:57:26Z,60730.235000000001000
20372207.439142954,6475603.7628402282,60731553,116,80,09-15-16,"14:57:27,00",58.379017910000002,114.816334800000010,1257.059999999999900,2016-09-15T08:57:27Z,60731.553000000000000
20372205.52125679,6475598.61191356,60732743,128,80,09-15-16,"14:57:28,00",58.378971139999997,114.816304900000010,1256.579999999999900,2016-09-15T08:57:28Z,60732.743000000002000
20372204.222800057,6475595.0470795603,60733832,112,80,09-15-16,"14:57:29,00",58.378938779999999,114.816284700000000,1256.099999999999900,2016-09-15T08:57:29Z,60733.832000000002000
20372202.816839762,6475591.0565976379,60735313,127,80,09-15-16,"14:57:30,00",58.378902570000001,114.816262900000000,1255.619999999999900,2016-09-15T08:57:30Z,60735.313000000002000
20372201.536900774,6475586.8000813639,60736313,123,80,09-15-16,"14:57:31,00",58.378864010000001,114.816243400000000,1255.619999999999900,2016-09-15T08:57:31Z,60736.313000000002000
20372200.313765835,6475582.8504781369,60737949,124,80,09-15-16,"14:57:32,00",58.378828220000003,114.816224700000010,1255.140000000000100,2016-09-15T08:57:32Z,60737.949000000001000
20372198.955012988,6475578.6912670732,60739460,231,80,09-15-16,"14:57:33,00",58.378790510000002,114.816203800000000,1255.140000000000100,2016-09-15T08:57:33Z,60739.459999999999000
20372197.656291001,6475574.3974637445,60740702,118,80,09-15-16,"14:57:34,00",58.378751610000002,114.816184000000010,1255.140000000000100,2016-09-15T08:57:34Z,60740.701999999997000
20372196.588382207,6475570.9009406148,60741353,123,80,09-15-16,"14:57:35,00",58.378719930000003,114.816167699999990,1254.660000000000100,2016-09-15T08:57:35Z,60741.353000000003000
20372195.512715753,6475567.5261662574,60742084,131,80,09-15-16,"14:57:36,00",58.378689340000001,114.816151199999990,1254.660000000000100,2016-09-15T08:57:36Z,60742.084000000003000
20372194.197437413,6475564.3453200599,60743044,131,80,09-15-16,"14:57:37,00",58.378660420000003,114.816130500000000,1254.180000000000100,2016-09-15T08:57:37Z,60743.044000000002000
20372192.440071482,6475561.2535132114,60743983,105,80,09-15-16,"14:57:38,00",58.378632170000003,114.816102200000000,1254.180000000000100,2016-09-15T08:57:38Z,60743.983000000000000
20372190.579169881,6475558.3991456553,60744073,117,80,09-15-16,"14:57:39,00",58.378606019999999,114.816072000000010,1254.180000000000100,2016-09-15T08:57:39Z,60744.072999999997000
20372188.366594903,6475555.1727615586,60744995,130,80,09-15-16,"14:57:40,00",58.378576430000003,114.816036000000000,1253.700000000000000,2016-09-15T08:57:40Z,60744.995000000003000
20372185.745862704,6475551.2774703167,60745324,123,80,09-15-16,"14:57:41,00",58.378540719999997,114.815993400000000,1253.700000000000000,2016-09-15T08:57:41Z,60745.324000000001000
20372183.781192195,6475548.4732910562,60745364,101,80,09-15-16,"14:57:42,00",58.378514989999999,114.815961400000010,1253.220000000000000,2016-09-15T08:57:42Z,60745.364000000001000
20372181.484109275,6475544.9888274828,60745772,113,80,09-15-16,"14:57:43,00",58.378483060000001,114.815924100000000,1253.220000000000000,2016-09-15T08:57:43Z,60745.771999999997000
20372179.14097134,6475541.1681226129,60746412,109,80,09-15-16,"14:57:44,00",58.378448100000000,114.815886199999990,1252.740000000000000,2016-09-15T08:57:44Z,60746.411999999997000
20372177.003994942,6475537.5658816239,60747319,115,80,09-15-16,"14:57:45,00",58.378415160000003,114.815851700000000,1252.250000000000000,2016-09-15T08:57:45Z,60747.319000000003000
20372174.768974766,6475533.6491515143,60748061,105,80,09-15-16,"14:57:46,00",58.378379369999998,114.815815700000000,1251.770000000000000,2016-09-15T08:57:46Z,60748.061000000002000
20372172.3030039,6475529.2918356238,60749615,110,80,09-15-16,"14:57:47,00",58.378339560000001,114.815776000000000,1251.290000000000000,2016-09-15T08:57:47Z,60749.614999999998000
20372170.120614529,6475525.3733982611,60750945,121,80,09-15-16,"14:57:48,00",58.378303770000002,114.815740899999990,1250.809999999999900,2016-09-15T08:57:48Z,60750.945000000000000
20372167.896762274,6475521.2601306979,60752662,128,80,09-15-16,"14:57:49,00",58.378266220000000,114.815705200000000,1250.809999999999900,2016-09-15T08:57:49Z,60752.661999999997000
20372165.795793574,6475516.9645288736,60753769,128,80,09-15-16,"14:57:50,00",58.378227070000001,114.815671700000000,1250.329999999999900,2016-09-15T08:57:50Z,60753.769000000000000
20372163.781685572,6475512.6393548958,60754901,123,80,09-15-16,"14:57:51,00",58.378187680000003,114.815639700000010,1249.849999999999900,2016-09-15T08:57:51Z,60754.900999999998000
20372161.626972757,6475508.1314883064,60756276,116,80,09-15-16,"14:57:52,00",58.378146610000002,114.815605400000000,1249.849999999999900,2016-09-15T08:57:52Z,60756.275999999998000
20372159.461201765,6475502.9228682406,60757576,190,80,09-15-16,"14:57:53,00",58.378099249999998,114.815571300000000,1249.369999999999900,2016-09-15T08:57:53Z,60757.576000000001000
20372157.79439329,6475499.0155545035,60757727,121,80,09-15-16,"14:57:54,00",58.378063709999999,114.815545000000000,1248.890000000000100,2016-09-15T08:57:54Z,60757.726999999999000
20372155.810576506,6475494.361693359,60757941,109,80,09-15-16,"14:57:55,00",58.378021380000000,114.815513700000000,1248.890000000000100,2016-09-15T08:57:55Z,60757.940999999999000
20372153.817998536,6475489.9789771736,60757298,122,80,09-15-16,"14:57:56,00",58.377981480000003,114.815482100000000,1248.410000000000100,2016-09-15T08:57:56Z,60757.298000000003000
20372151.946145553,6475485.5276903268,60756568,130,80,09-15-16,"14:57:57,00",58.377941000000000,114.815452600000000,1247.930000000000100,2016-09-15T08:57:57Z,60756.567999999999000
20372150.067499276,6475481.0476440517,60755094,116,80,09-15-16,"14:57:58,00",58.377900259999997,114.815423000000000,1247.930000000000100,2016-09-15T08:57:58Z,60755.093999999997000
20372148.005821127,6475476.3405832201,60754443,103,80,09-15-16,"14:57:59,00",58.377857429999999,114.815390400000000,1247.930000000000100,2016-09-15T08:57:59Z,60754.442999999999000
20372146.414026357,6475472.5801993608,60752044,130,80,09-15-16,"14:58:00,00",58.377823229999997,114.815365300000000,1246.970000000000000,2016-09-15T08:58:00Z,60752.044000000002000
20372144.658363644,6475468.461764425,60750153,120,80,09-15-16,"14:58:01,00",58.377785770000003,114.815337600000010,1246.970000000000000,2016-09-15T08:58:01Z,60750.152999999998000
20372142.919690371,6475464.1454854282,60751436,5997,80,09-15-16,"14:58:02,00",58.377746539999997,114.815310299999990,1246.490000000000000,2016-09-15T08:58:02Z,60751.436000000002000
20372141.058088653,6475460.0104299365,60747214,132,80,09-15-16,"14:58:03,00",58.377708900000002,114.815280800000000,1246.010000000000000,2016-09-15T08:58:03Z,60747.214000000000000
20372139.295239728,6475456.031561492,60745760,130,80,09-15-16,"14:58:04,00",58.377672689999997,114.815252900000000,1245.530000000000000,2016-09-15T08:58:04Z,60745.760000000002000
20372137.117462903,6475451.3561435528,60744896,116,80,09-15-16,"14:58:05,00",58.377630109999998,114.815218300000000,1245.530000000000000,2016-09-15T08:58:05Z,60744.896000000001000
20372135.476047471,6475447.6910059843,60744919,135,80,09-15-16,"14:58:06,00",58.377596750000002,114.815192300000010,1245.040000000000000,2016-09-15T08:58:06Z,60744.919000000002000
20372133.774260249,6475442.8886598591,60745257,125,80,09-15-16,"14:58:07,00",58.377553169999999,114.815165900000000,1245.040000000000000,2016-09-15T08:58:07Z,60745.256999999998000
20372132.216594696,6475438.5575865591,60745678,110,80,09-15-16,"14:58:08,00",58.377513860000001,114.815141700000000,1244.559999999999900,2016-09-15T08:58:08Z,60745.678000000000000
20372130.433396716,6475433.95295016,60747132,126,80,09-15-16,"14:58:09,00",58.377472030000000,114.815113800000010,1244.559999999999900,2016-09-15T08:58:09Z,60747.131999999998000
20372128.503813077,6475429.708643564,60748172,114,80,09-15-16,"14:58:10,00",58.377433390000000,114.815083200000000,1244.559999999999900,2016-09-15T08:58:10Z,60748.171999999999000
20372126.515699603,6475424.924520378,60749203,116,80,09-15-16,"14:58:11,00",58.377389890000003,114.815051900000000,1244.079999999999900,2016-09-15T08:58:11Z,60749.203000000001000
20372125.047733251,6475421.5524764704,60751006,124,80,09-15-16,"14:58:12,00",58.377359210000002,114.815028700000000,1244.079999999999900,2016-09-15T08:58:12Z,60751.006000000001000
20372122.926255006,6475417.5295344265,60752562,110,80,09-15-16,"14:58:13,00",58.377322499999998,114.814994700000000,1243.599999999999900,2016-09-15T08:58:13Z,60752.561999999998000
20372120.771101858,6475413.731731914,60754099,126,80,09-15-16,"14:58:14,00",58.377287799999998,114.814960000000000,1243.599999999999900,2016-09-15T08:58:14Z,60754.099000000002000
20372118.402436998,6475409.6700086677,60755713,115,80,09-15-16,"14:58:15,00",58.377250670000002,114.814921799999990,1243.119999999999900,2016-09-15T08:58:15Z,60755.713000000003000
20372116.049988292,6475405.7470907811,60757064,99,80,09-15-16,"14:58:16,00",58.377214789999996,114.814883800000000,1242.640000000000100,2016-09-15T08:58:16Z,60757.063999999998000
20372113.274653994,6475401.0632350873,60756318,116,80,09-15-16,"14:58:17,00",58.377171959999998,114.814839000000010,1242.160000000000100,2016-09-15T08:58:17Z,60756.317999999999000
20372111.13279726,6475397.1345911911,60757148,98,80,09-15-16,"14:58:18,00",58.377136090000000,114.814804600000000,1241.680000000000100,2016-09-15T08:58:18Z,60757.148000000001000
20372108.828378826,6475392.5279513411,60754743,117,80,09-15-16,"14:58:19,00",58.377094090000000,114.814767800000000,1241.200000000000000,2016-09-15T08:58:19Z,60754.743000000002000
20372108.345685359,6475386.8633878799,60754277,122,80,09-15-16,"14:58:20,00",58.377043129999997,114.814762700000000,1240.240000000000000,2016-09-15T08:58:20Z,60754.277000000002000
